00	19920326_f上とうZE司司.pdf	16
01	20260222_供述調書.pdf	4
02	20260223_住と迂匠司司.pdf	8
03	20260330_供述調書.pdf	25
04	20260331_供述調書.pdf	7
05	20260413_供述調書.pdf	9
06	20260414_供述調書.pdf	11
07	20260416_佳進．ラゴミ司司薑壽.pdf	9
08	20260416_蓼はこラZiさ言司.pdf	26
09	20260417_供述。調書.pdf	5
10	20260426_供述調書.pdf	16
11	20260427_供述調書.pdf	8
12	20260604_f生う重重司司.pdf	5
13	20260604_はとうzE司司.pdf	2
14	20260604_イラ生う重重司司.pdf	5
15	20260604_且睾、ユ〆1弧盈工叫訂剥.pdf	3
16	20260604_佳と五重司司言壽.pdf	8
17	20260604_参はと五zE司司三妻.pdf	8
18	20260604_性と式zE・‘司司二言.pdf	8
19	20260604_産うZE司司.pdf	15
20	260525_送付書.pdf	1
